{"xy_sens": 9.3, "targeting_sens": 60.0, "xy_scale": 1.075268817204301, "targeting_scale": 1.7921146953405018}